,name,Value
0,04a328c5-7d9c636f.jpg,2
1,01e38013-dab56c86.jpg,1
2,498fef26-846cbbf7.jpg,3
3,3b59c8a5-f0b031cc.jpg,2
4,00e9be89-00001215.jpg,3
5,3a5e88ed-9ac93adb.jpg,0
6,786b3729-acc83d6f.jpg,0
7,51fff027-0da18664.jpg,6
8,b001a7ce-5cbc6e0b.jpg,3
9,c1ba5ee6-a7916d65.jpg,2
10,ae7f4103-b1fbdc93.jpg,1
11,686b86dd-0c3ea936.jpg,1
12,6886b3d9-6ab2b28d.jpg,4
13,932c1c93-91f79869.jpg,4
14,34811fce-1c9200fe.jpg,5
15,57c2bc93-45f80000.jpg,2
16,b4475e22-27ceb162.jpg,2
17,9b975a41-1b150816.jpg,7
18,115e4aff-00000000.jpg,2
19,73005ce2-39aca6ea.jpg,1
20,0968013e-6df14f09.jpg,7
21,715f2dae-c440ed17.jpg,4
22,0c8a2c79-0194bc27.jpg,1
23,15c0edab-4cb3b2e1.jpg,2
24,0e4066b2-9b16405b.jpg,7
25,4c7d75ce-387b0000.jpg,7
26,22e892ac-00000000.jpg,8
27,ba508231-1b6ab5b0.jpg,7
28,1ed7cdb8-3eac5527.jpg,3
29,7baad8d8-00000000.jpg,1
30,7614720a-45fbccc0.jpg,3
31,06a8fc86-4f81a8ca.jpg,2
32,c2509294-f6bd70dc.jpg,3
33,4e1f88e3-94148a16.jpg,0
34,46f0de84-33a8d678.jpg,0
35,61c2768a-7a530c0e.jpg,2
36,4cdef661-5fb674c3.jpg,2
37,b803d91d-671b8cff.jpg,0
38,2d5aa536-8ae7b333.jpg,5
39,2cc6e016-d4430001.jpg,4
40,6a3483f8-85900385.jpg,0
41,6c040cec-9cd6b00e.jpg,0
42,53999d9f-510f446f.jpg,3
43,0c2cb3d5-0bdfd48d.jpg,4
44,164b2a2d-d3a80000.jpg,3
45,8e0154c1-eac18763.jpg,3
46,ac9490af-be45bb71.jpg,6
47,9c554930-f94b7d7e.jpg,0
48,70db4cac-d69a5e41.jpg,6
49,3140aed0-3d840e4c.jpg,7
50,6ab9c6ac-f11b3e40.jpg,3
51,4bb874f7-52e2043b.jpg,2
52,9ad35342-beecd077.jpg,3
53,6a729de1-7adc57f8.jpg,6
54,c63800c9-ebf059d1.jpg,6
55,79703062-77aedb97.jpg,3
56,16330b51-c7342f6c.jpg,0
57,c0703477-b5138d5d.jpg,3
58,c2c2b345-0bd03595.jpg,1
59,72928521-0998d129.jpg,4
60,c665137e-6fffaf45.jpg,6
61,09b41d3b-40990001.jpg,0
62,5cdfbd76-cc95179e.jpg,0
63,9946a6d9-7cc34f2e.jpg,1
64,26a71a7a-0c94fcb4.jpg,4
65,4256a06a-1ccb3344.jpg,4
66,6b293d3e-59d5f868.jpg,2
67,645eb98a-49ef0000.jpg,6
68,249e937c-00000000.jpg,3
69,69c96f59-36403335.jpg,2
70,1f59dc01-27251d9c.jpg,3
71,2e06efb9-321abd36.jpg,1
72,28e71ebe-b4729a0b.jpg,0
73,43d4a202-cea9d2e0.jpg,11
74,00e9be89-00001765.jpg,1
75,8a6afc9f-fe92ace0.jpg,7
76,47094ac8-f96e240b.jpg,2
77,55c1b915-57f93b6d.jpg,5
78,3e6c7988-fc7228c7.jpg,3
79,07482c65-a96d6d24.jpg,4
80,2005ff7a-00000000.jpg,7
81,0d792952-00000000.jpg,3
82,4ded305d-a7a3298b.jpg,6
83,34b8ffe0-13c3faa4.jpg,2
84,1c1de1e7-346d6219.jpg,4
85,7979945c-59692977.jpg,2
86,3c0a8eb6-43ff4626.jpg,3
87,11ee5291-00000000.jpg,4
88,16e186ec-00000000.jpg,4
89,3d88f9fc-e2a69f00.jpg,3
90,a4248a66-1e696311.jpg,0
91,ac863970-98e34d65.jpg,8
92,a13ce748-dfe70d69.jpg,5
93,9affc986-22d44eea.jpg,2
94,3cb86f14-f9c34dc9.jpg,3
95,6ad23488-70abed67.jpg,9
96,16cc1363-369ae770.jpg,1
97,2a02db81-581eafea.jpg,3
98,2f18ce79-eebfffac.jpg,5
99,b18cb922-e3af77af.jpg,0
100,7bec8942-f7b1c0c5.jpg,2
101,c05703f8-d4391e9d.jpg,4
102,c7d8260d-e1f6b3f8.jpg,3
103,589d1f33-00000000.jpg,4
104,6a626ee3-61100bbc.jpg,1
105,44c8ef75-37dd9bc2.jpg,3
106,562dddea-b2800482.jpg,3
107,2cca892a-0e0c69af.jpg,4
108,773c53f2-d8e74dac.jpg,1
109,a72bedd0-7e6faf65.jpg,2
110,af7dc07f-30de0a14.jpg,0
111,56d9d586-af9eaddb.jpg,4
112,82a8a2db-a581e53c.jpg,2
113,369e9c29-76772a3e.jpg,4
114,a913570d-711b24c0.jpg,2
115,41f20edb-00000000.jpg,3
116,4460c87d-94a44e43.jpg,8
117,718ecb9c-24906e89.jpg,0
118,726770e5-33f45b27.jpg,0
119,6268fd0c-4c007855.jpg,5
120,1d974df2-12b8ed27.jpg,7
121,00e9be89-00001605.jpg,4
122,1a4838a7-4dc50c65.jpg,3
123,580262f8-9439e313.jpg,7
124,31690fd0-7253da18.jpg,2
125,0d606092-486670ee.jpg,9
126,3a7896fe-690e31f5.jpg,0
127,01b29c03-4b348d76.jpg,2
128,6097fa36-cd527046.jpg,1
129,8589d81b-f579d3ed.jpg,0
130,0bdc8f31-81eab212.jpg,5
131,30e0ff53-b31e49bb.jpg,0
132,2cc09d93-c3f88f5b.jpg,0
133,0ea7f502-16d9fb4e.jpg,2
134,19fd86f6-50e7440b.jpg,9
135,b4860efe-127bd880.jpg,3
136,325a8deb-f6a3d569.jpg,6
137,38b5478c-64858e93.jpg,3
138,31a9e4c6-0c51364b.jpg,1
139,c90b5398-d042ec34.jpg,8
140,b7a8e795-0ff55db2.jpg,4
141,029495d8-00000000.jpg,4
142,0a18ef8e-00000000.jpg,2
143,b19fd2bc-41e02784.jpg,7
144,6e528a44-00000000.jpg,4
145,a3b51b78-d5e379c3.jpg,6
146,6ac1b1fd-02a6dda4.jpg,1
147,2740c139-838de60f.jpg,1
148,4027c10d-dc2eefb4.jpg,3
149,43df11a6-9bc50000.jpg,4
150,58a1b187-b5eabe19.jpg,1
151,1d650c1b-5ff5bc48.jpg,5
152,6a84c3b9-89390bdb.jpg,0
153,0bcfa351-0509fab2.jpg,4
154,168f94e5-b4f13f52.jpg,3
155,1a222609-9384521d.jpg,4
156,b6b047b4-ca577730.jpg,3
157,7234b48f-00000000.jpg,6
158,614fd0a8-9891cb51.jpg,8
159,3254da31-7f7bb61a.jpg,4
160,0f1a2d28-bfa30000.jpg,4
161,76df02f8-a1a9a666.jpg,2
162,19abff0c-072bb3fe.jpg,4
163,1215f91d-390a0000.jpg,5
164,c41203a6-e4b059c0.jpg,6
165,2143d41a-e88cb702.jpg,2
166,7e5568e2-d66c43ff.jpg,0
167,4027c10d-f7701e0e.jpg,2
168,0d03369b-e2199f82.jpg,6
169,6e051427-45e0bd8f.jpg,1
170,21187250-d5fa8551.jpg,5
171,79b449ab-2af68ac0.jpg,2
172,307337bf-00000000.jpg,1
173,2a7a4866-8b0e443f.jpg,1
174,3cf340ac-4e445717.jpg,4
175,b873c993-69e9f8fb.jpg,2
176,291b09ee-91997409.jpg,3
177,88e9e61a-3ad4350e.jpg,3
178,6bbcd8f1-f973743c.jpg,2
179,5a764d98-00000000.jpg,6
180,9948d09e-c031e817.jpg,5
181,b6b047b4-3fccc761.jpg,3
182,5e9cf180-d23e795c.jpg,6
183,00e9be89-00001375.jpg,2
184,2d92d8cf-c6b46c3d.jpg,2
185,55856ef6-58df3fa3.jpg,5
186,36c9fa2e-fa9be3aa.jpg,6
187,b8201476-b9dba8dd.jpg,7
188,08ab784d-0dec1946.jpg,2
189,5d03a12f-84294c67.jpg,2
190,548924d2-892cfce6.jpg,7
191,49069e94-9e026b41.jpg,1
192,21207229-3224b1d4.jpg,7
193,25065b32-8dbf0001.jpg,3
194,0d3f5fba-01b6e9e2.jpg,5
195,156b8888-21100000.jpg,3
196,227c4a9a-dda7c6b6.jpg,0
197,62e52764-8356d31a.jpg,9
198,20b041b8-f5ff8c5a.jpg,6
199,7090c632-ec061c2e.jpg,2
200,7435519e-587563d6.jpg,3
201,3d3117f0-9365aac0.jpg,2
202,62ec4a2b-bab2090c.jpg,1
203,5e4c5063-1d616229.jpg,3
204,12ef9094-9cf058ae.jpg,3
205,90775bce-a0a1817a.jpg,6
206,5e26f49d-d2f3631d.jpg,2
207,280855ec-e506e694.jpg,2
208,18d83556-65f6c341.jpg,11
209,71ec3de7-051766a5.jpg,2
210,1d50660a-d6b7b5ef.jpg,3
211,05b10029-6078ad62.jpg,3
212,4e8bf92d-3690747c.jpg,2
213,02504d95-8ede0c80.jpg,5
214,4ace777f-91b40000.jpg,4
215,6fa90fff-00000000.jpg,4
216,9427e01b-d903c8d7.jpg,4
217,9dec6d97-ab2c968e.jpg,2
218,010fc651-19922861.jpg,1
219,7611556c-857c0a2d.jpg,3
220,1a61f101-51fef5d2.jpg,6
221,76b72431-6af2245e.jpg,2
222,b0263f3e-ece2fb89.jpg,4
223,4adb062d-5dd90001.jpg,1
224,2bf8c28c-acd5d2a0.jpg,0
225,21fcab2c-aa840000.jpg,6
226,4dcbad77-5df02bfa.jpg,4
227,a616e0d1-152c827c.jpg,5
228,778f9c5e-fd98940a.jpg,4
229,75b3cdd3-693bf40c.jpg,6
230,c1978334-ee0b01df.jpg,0
231,3198a12f-aff85b07.jpg,5
232,4adb062d-5dd90000.jpg,2
233,150a973a-6772fd20.jpg,1
234,21fcab2c-aa840001.jpg,5
235,117f55ba-63d9e745.jpg,1
236,52457b6d-451c75be.jpg,5
237,67c3676f-0aa098df.jpg,3
238,5979b86e-00000000.jpg,5
239,b6f4b139-527d7e55.jpg,3
240,14df900d-b8d570e1.jpg,4
241,901a2533-7a36157c.jpg,1
242,77dd5152-c97dc72b.jpg,2
243,4ace777f-91b40001.jpg,5
244,06fce5b8-efc16ffd.jpg,6
245,c38a5b1a-67951cd4.jpg,1
246,96c628be-1ac922d2.jpg,3
247,1d981a62-27584b3b.jpg,3
248,68ed916e-00000000.jpg,3
249,7090b9e9-00000000.jpg,5
250,0a507f1c-3ee431e7.jpg,4
251,17d0af3a-fcc93923.jpg,8
252,3c469980-fb0ca2f9.jpg,1
253,3d0d454e-f0132c99.jpg,0
254,14d42fac-0708dfa3.jpg,1
255,0acc0c71-fb702dac.jpg,9
256,9c38185c-fc417ba0.jpg,3
257,1b5713fe-2242775e.jpg,0
258,156b8888-21100001.jpg,6
259,26190b83-39ccb412.jpg,5
260,25065b32-8dbf0000.jpg,3
261,98f77d3b-1719b5c0.jpg,5
262,36f367f5-82d440d6.jpg,6
263,5358efb3-dacc8972.jpg,5
264,b499ff48-31afe322.jpg,6
265,8e74dd69-c75b794b.jpg,3
266,00e9be89-00001360.jpg,1
267,2f1db731-b2e98dce.jpg,0
268,7d219900-952c3739.jpg,1
269,626ec015-61ac91c1.jpg,1
270,858c9bd9-f5075243.jpg,4
271,198bdd15-35315137.jpg,4
272,48c36509-5247322d.jpg,3
273,2090dd9d-a480cbdc.jpg,6
274,31e12b60-3dfb1965.jpg,3
275,3c7a0392-ae780a53.jpg,3
276,0f145ef9-2fb016d0.jpg,4
277,0f1a2d28-bfa30001.jpg,4
278,3ef9f646-8bc57e03.jpg,0
279,7a3d45f6-7de076b9.jpg,2
280,2f1d116a-6c216db6.jpg,6
281,84c4f7f3-d128413b.jpg,1
282,3b53f269-2f09fdd5.jpg,5
283,1215f91d-390a0001.jpg,7
284,3bb1095b-e8547171.jpg,3
285,7bcc3909-38c3a8e1.jpg,5
286,03ead4f8-95567fb0.jpg,2
287,1b22fdfb-2ae5be99.jpg,3
288,3dba2a43-4caf2a72.jpg,2
289,9767767c-1c92d26a.jpg,6
290,63c7808d-a06f5fa8.jpg,5
291,bb919332-8ea8b53f.jpg,1
292,0a5922a3-a1b0d581.jpg,2
293,bf2fac72-c72dea3b.jpg,0
294,1334859b-b87436bc.jpg,6
295,c324a11d-eaaeb859.jpg,4
296,554d7cd5-a32486dd.jpg,0
297,c0da399b-afffb28c.jpg,4
298,3c2cf325-6b3f381c.jpg,0
299,5c40b8c2-6a669ae0.jpg,1
300,2ffeeb35-2b06245b.jpg,4
301,53359ee7-03262db3.jpg,3
302,03757de8-00000000.jpg,4
303,5e68fc57-77245dd4.jpg,3
304,2574ef86-717bd9ea.jpg,4
305,3a8e69b6-13eadeba.jpg,2
306,43df11a6-9bc50001.jpg,5
307,c02ee64a-ec68fa8e.jpg,5
308,09cad38c-d13a48f9.jpg,3
309,17cc4c34-2d23045f.jpg,6
310,87ffcb7b-b1344d14.jpg,2
311,afc3456c-b6b9a65d.jpg,1
312,6e4f7670-f98e9afd.jpg,0
313,1ff36c30-00000000.jpg,6
314,830c6cb2-f7b30a4c.jpg,1
315,7a4a57a1-ab44abce.jpg,4
316,1e077cf7-dbe6a3b8.jpg,1
317,6f0cc882-8b3e057a.jpg,5
318,124f0efb-d0339f1e.jpg,5
319,2b50e905-7d6f7ce3.jpg,5
320,00e9be89-00001610.jpg,6
321,2ee2d1f6-e67bc223.jpg,6
322,c2eb2ca4-fc64114e.jpg,4
323,5c8bd8f8-88cebff5.jpg,1
324,209a9827-2bf8cb79.jpg,7
325,913b47b8-3cf1b886.jpg,0
326,ba4d05f6-8b126390.jpg,4
327,51273edc-44cbe6db.jpg,3
328,5b37ba9e-511c073e.jpg,0
329,1af2e457-269f3360.jpg,3
330,1ff407d5-6a60aeeb.jpg,3
331,2d88f8b9-27b832b1.jpg,0
332,7af082b9-d4e7324f.jpg,0
333,2d1b7637-00000000.jpg,5
334,2d1206c0-9fd20b03.jpg,3
335,569f5091-baf80764.jpg,4
336,33f3e7c4-574341ed.jpg,5
337,9cee2b79-9270c309.jpg,3
338,7a536ea9-85f8aadf.jpg,2
339,314db341-693a7d4d.jpg,1
340,6ac8c7f6-130ffaa0.jpg,6
341,012e0351-723ac360.jpg,3
342,857bf9bc-a83d4e67.jpg,0
343,2df42b50-690f7d3a.jpg,1
344,6bbc168e-e45f3ab3.jpg,5
345,5231447b-51012221.jpg,5
346,626dafea-8feade20.jpg,7
347,00f7eac8-5193d600.jpg,4
348,9b24165a-a729ad12.jpg,3
349,5dff6680-b807fdad.jpg,0
350,66f05057-7f595037.jpg,5
351,1c4b10d2-01ab3625.jpg,3
352,0dc639eb-fa07b4f8.jpg,2
353,7ac1aa52-e93fbe0c.jpg,5
354,58a07bcd-882f7f35.jpg,7
355,2d88dd5c-1837fcff.jpg,5
356,2be200c8-00000000.jpg,2
357,4bd20b4e-40856d74.jpg,5
358,36c0f89b-97a62370.jpg,1
359,620a7840-4e776a76.jpg,5
360,4e812602-16d75068.jpg,1
361,bd1e4e5b-2a9ffc3f.jpg,1
362,0a94788f-460bd0d2.jpg,3
363,4804b6f7-00000000.jpg,1
364,ab6a3dc3-9ccf65d2.jpg,0
365,12f54ec3-00000000.jpg,0
366,22d63fa2-340e4023.jpg,4
367,93df80e9-3024c4b9.jpg,3
368,2b675bc4-2cbd828b.jpg,1
369,c155d65b-ae8038a6.jpg,0
370,b701e0ad-0179d536.jpg,0
371,0fee1f42-a259393c.jpg,2
372,93a6c221-a1b1bdfb.jpg,3
373,9f442f32-5f3dc72b.jpg,3
374,00e9be89-00001770.jpg,2
375,a839c26f-4c963f3a.jpg,3
376,645eb98a-49ef0001.jpg,4
377,3df6159d-0ffaf8bb.jpg,4
378,7023e3a7-d9ccd3a4.jpg,3
379,2736fdaf-6588c969.jpg,5
380,340257de-11697871.jpg,6
381,3b0f54aa-0b830c05.jpg,4
382,47b442ab-7cfd6225.jpg,4
383,69fa307b-4479e075.jpg,3
384,5e6ae2bd-401f583e.jpg,4
385,68a7e52a-65128de9.jpg,3
386,3426cfd1-fcde1379.jpg,2
387,1d6b8476-00000000.jpg,6
388,09b41d3b-40990000.jpg,1
389,0c7c6dd2-568b770f.jpg,3
390,2e10c246-dfb5676c.jpg,2
391,3b57d694-16b14c01.jpg,5
392,5dc8f40e-4300ba8f.jpg,1
393,c6d7400d-8a08045e.jpg,2
394,0e507677-d37ecfe0.jpg,1
395,bcb2c6fd-094b605f.jpg,7
396,06cc29d2-00000000.jpg,4
397,018a07ca-00000000.jpg,2
398,712a57c7-00000000.jpg,7
399,38fb606f-95e5746c.jpg,3
400,1a2f2112-f566a272.jpg,0
401,a327cb1b-04d439dc.jpg,2
402,83c42f9f-e0753c92.jpg,1
403,2cc6e016-d4430000.jpg,1
404,342796fb-e2efc9aa.jpg,3
405,164b2a2d-d3a80001.jpg,3
406,0335a578-bc537992.jpg,0
407,965c5357-63239d8f.jpg,0
408,1b79e268-4fbb35bd.jpg,2
409,59f25185-1f11b2da.jpg,2
410,7bc6abdd-b382dc00.jpg,2
411,5e1e5afc-9d713b43.jpg,4
412,203689aa-90d26c96.jpg,7
413,4c7d75ce-387b0001.jpg,4
414,ad9f6825-a15140d0.jpg,5
415,51183135-1b993a25.jpg,10
416,022ec367-cb18e652.jpg,3
417,5f178acc-8b810b49.jpg,4
418,0492b183-725063b0.jpg,3
419,4283e5c3-5cf933f4.jpg,1
420,83ec114d-f40d3a06.jpg,8
421,a4ab55a9-4b1a4195.jpg,8
422,5b52fe79-2187d0a2.jpg,0
423,0af801e9-aa8d36ab.jpg,8
424,1b6b877a-ce13a001.jpg,0
425,b2e73518-547798ef.jpg,3
426,c1923ac1-5a311813.jpg,5
427,ad62ff26-ef0c923e.jpg,1
428,1f45df68-26795801.jpg,4
429,2e1e3eaa-4ec6c5c9.jpg,7
430,00e9be89-00001200.jpg,3
431,bbe207fc-fdb1b49f.jpg,3
432,064c08ff-88dbcdca.jpg,1
433,53af996f-00000000.jpg,4
434,1c564ec4-07e67942.jpg,2
435,4fdf19b0-00000000.jpg,3
436,0a0c3694-f3444902.jpg,9
437,2b4493a3-c00735ce.jpg,1
438,29488d99-5f98f587.jpg,1
439,5c9ed269-b6b00001.jpg,3
440,6ea4cd53-adf2ad3a.jpg,2
441,08a49c01-18fe7c06.jpg,1
442,21a41a56-00000000.jpg,2
443,2e43fcc1-a3862049.jpg,3
444,00e9be89-00001570.jpg,8
445,af8863c7-fc4552e0.jpg,4
446,3fb41f8e-4aa1aacb.jpg,3
447,55856ef6-58dffd42.jpg,3
448,4835d05a-00b9e825.jpg,3
449,a6274ce8-4df99b04.jpg,8
450,1a8f2791-c0bdf3c3.jpg,2
451,00e9be89-00000120.jpg,0
452,0634e4d9-cbdf13e7.jpg,8
453,51904df0-e5e65e54.jpg,3
454,319ff606-70aa0001.jpg,4
455,325a8deb-4f3aa5ba.jpg,1
456,88a6d56b-106f564d.jpg,2
457,7d24a7cd-daeaf356.jpg,1
458,4532a5d4-82ac0000.jpg,1
459,069837be-00000000.jpg,12
460,3ff1e9a4-bc4d3bbf.jpg,6
461,96fc479b-ff3929ea.jpg,5
462,8ebfcc32-aa74697f.jpg,4
463,6188b7cc-8e1f5358.jpg,2
464,ca4071a6-6fa1a1c8.jpg,6
465,53f06672-e942bc38.jpg,7
466,9bf0d115-7c59055b.jpg,5
467,6b25c37d-6272aad1.jpg,6
468,0e36465c-8b9c425a.jpg,3
469,c124e51c-31bb804d.jpg,7
470,32b33022-df9404a3.jpg,6
471,15430558-02a7d763.jpg,4
472,6ea4cd53-edee13a9.jpg,1
473,2faa02f0-bd1ee72a.jpg,4
474,181032f3-9203227f.jpg,4
475,4899c3bf-00000000.jpg,0
476,4d8fe95a-cffa7841.jpg,0
477,1e23055a-18b5a769.jpg,4
478,1215f91d-98620000.jpg,1
479,7b8df21b-af8ebb65.jpg,1
480,04348402-062a4eac.jpg,6
481,4c091ad8-6ea5f0d1.jpg,3
482,975aed5a-79c2585e.jpg,1
483,31913656-00000000.jpg,5
484,1aa6dec1-002f0001.jpg,2
485,23fe59f4-66b4f566.jpg,2
486,557fd1cb-501f2b88.jpg,3
487,52643c04-85770c24.jpg,3
488,67ed7da0-b623e02f.jpg,2
489,31be362f-31e68f6d.jpg,5
490,1851ccee-0daa22a6.jpg,3
491,18ca58e1-03539563.jpg,5
492,794b014f-a95ae60f.jpg,2
493,00e9be89-00001000.jpg,1
494,65f82959-60c2f9b4.jpg,4
495,53fc3ee0-a9034ee7.jpg,3
496,100eb809-0609f5a0.jpg,5
497,719c41fe-00000000.jpg,6
498,21fcab2c-c42a0000.jpg,7
499,0c0bba65-b7286c22.jpg,5
500,b48c7b5f-ae58463a.jpg,1
501,a30c3e13-102797e3.jpg,3
502,196d16dd-e26c2301.jpg,2
503,29965cec-f39c0000.jpg,0
504,a5242a75-c9f4fb66.jpg,3
505,2c69ec43-fd8be5d3.jpg,3
506,a312aa02-6a740d7d.jpg,5
507,34f3e55f-9919bb47.jpg,1
508,79cd2dc9-00d2350d.jpg,4
509,54f36f5c-71638bc5.jpg,4
510,b7bb37d8-c413361a.jpg,1
511,098a9629-9ed9f9a2.jpg,2
512,93a242ad-6862b165.jpg,7
513,3dab4537-7ded0a8f.jpg,4
514,4a533ea0-b1482652.jpg,0
515,7794f80c-e33cfc0a.jpg,0
516,32b39457-104be5d4.jpg,5
517,16d797bc-b9e4200f.jpg,4
518,c91da210-a2b2bc21.jpg,1
519,2b45a68f-887bbf11.jpg,1
520,7ffcc315-fb980e5a.jpg,2
521,5abe8984-684bdd10.jpg,4
522,4bdbbb47-da090001.jpg,0
523,7352ed07-81fbce4c.jpg,3
524,026c7465-d54954fa.jpg,1
525,346be4c0-c6743dbd.jpg,2
526,70cf4644-2b6c79f6.jpg,6
527,57f16312-548b16c6.jpg,0
528,2f1b8110-37e9fbad.jpg,1
529,0e033c03-3042664b.jpg,3
530,065e0b3e-9ab86077.jpg,3
531,40ac712f-52ba917f.jpg,1
532,0943bcdd-e6e360c9.jpg,4
533,661cdd5a-4daeaf7f.jpg,8
534,537b74ce-00000000.jpg,2
535,02f2e307-2b6ac14e.jpg,1
536,be3159f3-16212270.jpg,0
537,1508d098-3404ad5e.jpg,2
538,c122b0dd-9c06c62c.jpg,2
539,72d1a01b-2fef0000.jpg,0
540,4c9b2f94-42e0f78e.jpg,6
541,87e5b8c4-7abcf1c9.jpg,3
542,1d30d408-f599177c.jpg,1
543,4bf68024-b6ec6b6c.jpg,9
544,00e76cc5-a03dbf48.jpg,2
545,49c52fb5-2fc599c8.jpg,3
546,00054602-3bf57337.jpg,4
547,4fb76fa0-43ae0c91.jpg,2
548,0aeb534c-57a685bd.jpg,4
549,006a7635-c42f9f97.jpg,4
550,56ba4588-bebdcdc9.jpg,5
551,54dbc835-7ad6a7e4.jpg,4
552,00e9be89-00001160.jpg,4
553,6c06c2a4-9ca53bc0.jpg,5
554,5f4fc987-00000000.jpg,5
555,ab4796d2-ef74d367.jpg,4
556,1f8ea4b0-73e92d58.jpg,5
557,3de8fee7-e1bf8613.jpg,4
558,28e362ca-c1aac902.jpg,5
559,08c0f170-382ccfbb.jpg,3
560,2224c461-351255b4.jpg,1
561,248a4806-8abbf072.jpg,2
562,5c5dc708-35460444.jpg,3
563,0ffb84f8-30d3bfd7.jpg,7
564,c93e76b7-88954e8f.jpg,3
565,0027eed2-60fb0001.jpg,4
566,564397de-16d4592a.jpg,2
567,0baeff05-ae703523.jpg,4
568,46d07ebf-4aa62be8.jpg,2
569,8a88d406-d1e3cb7a.jpg,4
570,6f87ad2b-05d7300a.jpg,0
571,411e334e-eba9b296.jpg,3
572,6add322e-81775cf2.jpg,2
573,c3593016-43a3f33f.jpg,3
574,325a8deb-80f52891.jpg,6
575,bb46a3b5-6fb47078.jpg,6
576,99111627-955d95e4.jpg,4
577,164b2a2d-78a90001.jpg,7
578,1bf6d50e-48ea2889.jpg,0
579,314f056f-dbbe0d4e.jpg,5
580,42041574-fb905492.jpg,5
581,780469a2-55dd835f.jpg,0
582,1c73e0e1-bdb69b8c.jpg,4
583,50e23e95-b5c258d5.jpg,2
584,45aacc77-567a6750.jpg,4
585,ad29b99d-848897ac.jpg,8
586,3f10a19f-abda536f.jpg,3
587,4f6b60e0-4baa3731.jpg,4
588,3b01486a-cebd0001.jpg,3
589,02c2c31c-d0305722.jpg,5
590,0ed4beee-00000000.jpg,4
591,378fe86a-79d2f4f6.jpg,3
592,1e61eb6e-ffb5f3b0.jpg,3
593,3699592e-27b861de.jpg,1
594,0785def4-00000000.jpg,8
595,54c3a9ea-9033e7cc.jpg,2
596,291dee4f-d2d55c47.jpg,4
597,04629c39-1d564d8a.jpg,6
598,5c404e9a-f3df0245.jpg,1
599,22f27dc2-4525d946.jpg,5
600,34eb51fe-89cb0bc8.jpg,3
601,46fac08d-ad125262.jpg,5
602,3f8bc7a4-cba11c8b.jpg,7
603,4dfc7ebf-00000000.jpg,3
604,288874ba-568faa6f.jpg,2
605,41c54d9e-f3710000.jpg,9
606,0dab617d-041fe342.jpg,4
607,5d9edbc9-d6572287.jpg,1
608,abc10178-819bc168.jpg,5
609,6122250c-c6f2a842.jpg,4
610,50ebc4b1-da350e76.jpg,0
611,16d131ad-705d4905.jpg,1
612,00e9be89-00001410.jpg,3
613,0accdaac-8ac5a6ca.jpg,0
614,4d4efedf-07f70000.jpg,4
615,1a456a14-03a6a18f.jpg,2
616,3723f465-42573605.jpg,1
617,5b5acd77-8ebd39f2.jpg,3
618,10c27164-370783f7.jpg,2
619,42d92476-69b4c505.jpg,4
620,24325a78-cecaf997.jpg,3
621,c37b9726-29dfad76.jpg,2
622,8e3824b8-0728c159.jpg,0
623,4e619a5c-aa1e432d.jpg,6
624,30cd8670-00000000.jpg,7
625,70e1ca9d-bc9e84c3.jpg,3
626,3fca66e8-aa9e0000.jpg,1
627,6d836548-6232352a.jpg,1
628,7aef9e40-d4dc2ff3.jpg,1
629,63faa824-ed221bff.jpg,5
630,27c0e9a0-0898a6a9.jpg,2
631,3cdd3c22-a10d568c.jpg,0
632,0bc2253f-aa0f38d8.jpg,5
633,367f0c7b-f212efea.jpg,3
634,6c7e1865-12b9e8f7.jpg,2
635,30b4085c-2a3ca635.jpg,3
636,5b3d84de-df895ab9.jpg,10
637,3cb89982-1e82ba2b.jpg,2
638,82066fbf-9c68e301.jpg,1
639,4334eb81-b3b10001.jpg,0
640,3e8f9a6b-47072977.jpg,4
641,2152dd88-66591d34.jpg,1
642,5ac0fd85-70790578.jpg,0
643,6ce727b7-535d131f.jpg,2
644,66c639eb-00000000.jpg,5
645,3ee763a0-4892b9b5.jpg,1
646,35b5c7db-b427d68b.jpg,3
647,6fc86539-b108fbf5.jpg,2
648,021c0ade-877a81e9.jpg,1
649,7baf39ec-e33a68f8.jpg,2
650,6558c79e-00000000.jpg,6
651,6e2b389d-8d1d1e54.jpg,3
652,4fa06b93-1f783439.jpg,3
653,342025ec-51ca07ec.jpg,5
654,02ba6c1f-2dde45f8.jpg,4
655,30db74a7-30d5acc6.jpg,4
656,60cab5f9-164262c6.jpg,4
657,3a73ecef-83414e9b.jpg,4
658,734cfd60-ef1a7c63.jpg,0
659,01a4933a-252e566a.jpg,0
660,1b28a60e-d0d1f7bb.jpg,3
661,1d81ee00-2f513364.jpg,2
662,59d1965e-d7d5274d.jpg,4
663,2dac521f-a8f1f35a.jpg,2
664,802ad4e3-9d3121d3.jpg,3
665,35c15d8e-f5628992.jpg,1
666,1b21726b-8e308a26.jpg,5
667,6ed55989-70dd75c4.jpg,1
668,5ce2bd49-980d24d9.jpg,4
669,aed8325d-e1c88177.jpg,7
670,7aade2ac-0363953e.jpg,3
671,5eda07c0-d3c25831.jpg,2
672,c07733d0-9738eec9.jpg,5
673,79105e65-a1c48df8.jpg,0
674,7a1ed1b0-ff92d878.jpg,2
675,5f45e8e6-4952d638.jpg,2
676,48cf99b5-02ffc40f.jpg,2
677,0ea18604-eec933af.jpg,6
678,5149c26b-273d64fb.jpg,2
679,a4c0be7c-efc93f6b.jpg,0
680,4faabd52-4948c2aa.jpg,4
681,8e611959-0049c38c.jpg,4
682,4c3bf807-021593bc.jpg,3
683,6f2488ff-cd0fe991.jpg,4
684,6a2d7759-45d710c2.jpg,2
685,8ed1a7f8-c5df4b30.jpg,9
686,c5e41dc2-537a34c6.jpg,3
687,74f1490a-8adf81f0.jpg,4
688,3fca66e8-aa9e0001.jpg,6
689,9ec714a8-9e2ad62c.jpg,3
690,6adfe4b9-15b2f9b0.jpg,1
691,60ac786f-00000000.jpg,4
692,0d53c976-ad5a9570.jpg,4
693,1797ecb1-84ee3c11.jpg,3
694,467773ee-fa07d52d.jpg,2
695,206046c4-81261502.jpg,4
696,00a360bd-27ccb1dd.jpg,2
697,198cfa25-f7b54297.jpg,1
698,5561a79a-4535d2c3.jpg,5
699,1e323147-76538ad0.jpg,0
700,5d1a905f-737ea325.jpg,3
701,5c295b82-e8401505.jpg,3
702,b668a2f1-71cdf31d.jpg,5
703,0f959aac-24823e01.jpg,3
704,4252b0df-39f4da03.jpg,2
705,00e9be89-00001405.jpg,2
706,0fd189de-150829cc.jpg,4
707,1127aff5-4ca9aca7.jpg,8
708,30293d7d-00000000.jpg,8
709,0e86ba7a-399d9901.jpg,2
710,57e72af1-9dbbe198.jpg,4
711,0a1b45df-3afb5092.jpg,5
712,3d317eb1-4a9f2f5c.jpg,5
713,b8a795ee-c1ce7ac0.jpg,5
714,41c54d9e-f3710001.jpg,9
715,4d4efedf-07f70001.jpg,3
716,1bc82b26-7f99de31.jpg,4
717,94bd6fb3-313c940f.jpg,4
718,03d02bb9-e76acf3f.jpg,3
719,0ab179b7-73f22df4.jpg,9
720,00e9be89-00001820.jpg,3
721,c8bd76fd-04a1c915.jpg,3
722,47406c52-494431dd.jpg,2
723,abb2750f-8f442811.jpg,5
724,85076147-b20119ce.jpg,0
725,1b72216a-b3020f66.jpg,4
726,25472b9d-1ee06ba8.jpg,4
727,0da41df0-26725c58.jpg,11
728,954f0780-7c0a0b3d.jpg,3
729,2ee2a1ee-a56e5fb5.jpg,0
730,0f9fbe4b-081bb395.jpg,0
731,5b9c6ca4-dc3fe5c3.jpg,5
732,1975b1e2-00000000.jpg,6
733,1ff3d695-d602c03d.jpg,0
734,74f2f74a-2c95e01d.jpg,4
735,b4e7cde5-3ae908a3.jpg,1
736,47b4c52c-48e9a494.jpg,3
737,b3826fd8-774c2e0a.jpg,4
738,5b1d2f41-aeec0000.jpg,1
739,553e4a19-8b560001.jpg,5
740,340f5f82-892b6242.jpg,9
741,29209ac5-d46a29ab.jpg,5
742,2cc9fe92-9710d7b2.jpg,3
743,164b2a2d-78a90000.jpg,4
744,0ae24ffb-691516ec.jpg,1
745,38ed8d8d-93c48de2.jpg,2
746,02dddc5d-ee6f95aa.jpg,3
747,717d34d9-95071719.jpg,5
748,10035541-5dc5b2fe.jpg,3
749,02d2d2fd-7a34a14c.jpg,2
750,704dd8fc-e9fca429.jpg,7
751,7ffaf795-85aec43d.jpg,5
752,6e1ef365-9c41ed48.jpg,2
753,617ad163-8461f898.jpg,7
754,53b439bf-53586b26.jpg,4
755,59e82161-a8233a4d.jpg,5
756,8ca414ba-053096c5.jpg,4
757,b674bc13-3e309d54.jpg,0
758,06fc9e56-f4dc4049.jpg,4
759,2bd65f06-91fefa7b.jpg,7
760,6e820cbd-fb669ecf.jpg,2
761,03f0c46a-c7fe3b0d.jpg,7
762,1cc77c32-f18a685c.jpg,1
763,9e31f6be-4bb25ddb.jpg,4
764,3a6b8e59-99426fe0.jpg,2
765,03c239e4-212735e7.jpg,4
766,2ad8324d-15b0201f.jpg,3
767,5a463e45-8a75255d.jpg,2
768,665cca2f-f340c8d8.jpg,1
769,00e9be89-00001175.jpg,4
770,8accdada-6b91f21f.jpg,2
771,56a80277-d8c0d525.jpg,2
772,709b8823-221cf1a5.jpg,2
773,4dc16bee-f5954128.jpg,2
774,72d1a01b-2fef0001.jpg,0
775,bab692c9-3cd892ff.jpg,6
776,2bdd0ff8-b3dad8c2.jpg,0
777,b090bc5d-79803e42.jpg,2
778,1fe39b85-7ba605b6.jpg,0
779,c4b8340c-51d3f82b.jpg,3
780,2612d649-682ecb7c.jpg,1
781,3abc0ea9-be54a8d7.jpg,4
782,48f00dd9-68365742.jpg,3
783,af1bce5f-37f3b30d.jpg,4
784,24223a1e-6df6b6f0.jpg,4
785,0c37fe53-5f181247.jpg,2
786,77c27140-ce4f8f5f.jpg,9
787,c2e3cd3c-27871334.jpg,3
788,5861c948-a40cae6f.jpg,4
789,b875ad93-f21a6d0a.jpg,0
790,6cd2e248-78143397.jpg,8
791,1bb855e9-827fd249.jpg,1
792,9b119945-252a0183.jpg,3
793,3d938d6b-40350e5c.jpg,3
794,251ebff6-aa93e941.jpg,4
795,0004a4c0-d4dff0ad.jpg,4
796,4bdbbb47-da090000.jpg,3
797,80ce2f36-021be921.jpg,4
798,21738eae-c06eb7cb.jpg,0
799,94f14a47-89400b25.jpg,4
800,8561674f-9f66c12e.jpg,1
801,a5ebdda9-bfc84a1f.jpg,2
802,6cf8f827-361937cb.jpg,5
803,070383db-2f4f6ade.jpg,7
804,21fcab2c-c42a0001.jpg,8
805,00e9be89-00001015.jpg,2
806,46456102-fe526c02.jpg,6
807,29965cec-f39c0001.jpg,0
808,10ef625a-ba0cd7ce.jpg,2
809,4f0458dd-d314ef06.jpg,5
810,042005ab-c83c69bc.jpg,0
811,742dc405-8412f5a6.jpg,1
812,b53cb17b-e5d64f59.jpg,0
813,1236ceb8-edb3bc78.jpg,6
814,9280af89-ebc4a7e8.jpg,1
815,76663911-33f68a73.jpg,3
816,1aa6dd36-7ca1967a.jpg,3
817,1faaee6b-c0b27c70.jpg,3
818,9b0bf112-5edbe682.jpg,1
819,5d77c3fc-7c0324f8.jpg,4
820,52e3fd10-c205dec2.jpg,1
821,1215f91d-98620001.jpg,4
822,20a8f0f8-2bd78b81.jpg,2
823,030003dd-480d1d08.jpg,5
824,930d5775-70a083a0.jpg,4
825,14540082-0de5f53a.jpg,3
826,1aa6dec1-002f0000.jpg,3
827,781ca67b-00000000.jpg,0
828,559fed19-041cf3da.jpg,0
829,7b47f738-08d66ead.jpg,2
830,8b1b78f5-07d17f8b.jpg,3
831,90ec7709-f3fc17b6.jpg,4
832,01c6a5ce-7dba6e67.jpg,2
833,08008acf-4c0db435.jpg,3
834,19247328-adb99ee9.jpg,1
835,c60144b6-74583c0d.jpg,1
836,892055a4-9088ec9a.jpg,1
837,88d7d766-04ca7bfe.jpg,4
838,3ed8a0a4-1b92a9a1.jpg,0
839,44f176ed-eefe9667.jpg,1
840,1160f544-55292d71.jpg,6
841,8be88685-3bd93faf.jpg,2
842,0cdaa475-135c7ac8.jpg,3
843,0ccee6d5-1b69c148.jpg,4
844,a96d20b4-9cf31240.jpg,4
845,2a462b9a-8e0e63c0.jpg,10
846,64edf4e5-5483be02.jpg,0
847,522da2c9-bfd9a7db.jpg,5
848,0edee2c1-e740d94c.jpg,2
849,1df69db3-64e475fd.jpg,2
850,135a9651-a6124e35.jpg,3
851,597f3962-670ad442.jpg,4
852,5e93181f-aef45d3d.jpg,1
853,4532a5d4-82ac0001.jpg,0
854,3f6923b5-b825a5d4.jpg,2
855,0f3a30a8-00000000.jpg,3
856,319ff606-70aa0000.jpg,3
857,3c13b138-c1748ccb.jpg,1
858,3fad9720-46efbf9b.jpg,4
859,a232832a-c9e556b5.jpg,6
860,00e9be89-00000135.jpg,0
861,37a593fc-13a55cce.jpg,3
862,0a0eaeaf-9ad0c6dd.jpg,8
863,331fbe86-5a575546.jpg,6
864,0aa47a41-ad75f648.jpg,3
865,4a982dc5-5fd3365f.jpg,4
866,44372d70-00000000.jpg,1
867,34bd8b4d-00530890.jpg,1
868,002bf392-acddbad2.jpg,6
869,1770baac-3b0f3cb8.jpg,10
870,4f1d7526-8f0f4c47.jpg,4
871,68c9b0c3-00000000.jpg,3
872,25f58593-0046fbeb.jpg,4
873,589a92b6-00000000.jpg,5
874,4fb2303a-00000000.jpg,9
875,6e44e9a5-83bf7df2.jpg,3
876,00e9be89-00001565.jpg,4
877,3314ae1c-00000000.jpg,9
878,52b0b6a2-1457de12.jpg,2
879,563bd61d-2f3c4451.jpg,7
880,0573f031-e82419fe.jpg,3
881,7b6ec06a-00000000.jpg,2
882,3975df2a-214d0fab.jpg,9
883,bb627372-de7438d2.jpg,5
884,b3b4c0fe-2683b31e.jpg,1
885,4f6f7aca-92480001.jpg,6
886,00e9be89-00000125.jpg,2
887,ad332feb-d0f6f1b2.jpg,4
888,05793eab-00000000.jpg,1
889,1bf0a556-0a10ab37.jpg,8
890,76273209-14eea8f3.jpg,1
891,9ce73308-16f9a217.jpg,2
892,4a8785c2-9440b53f.jpg,8
893,6fc343cc-1a64c5cd.jpg,5
894,05b07068-3736cc7e.jpg,6
895,44a28388-1f7e2018.jpg,4
896,7a8825bf-cb837da8.jpg,8
897,7bfaca74-00000000.jpg,2
898,2c1f7300-5c159cb4.jpg,3
899,1d2876fe-ec7c0001.jpg,7
900,22a14014-5c0db650.jpg,0
901,22e34461-944f137b.jpg,0
902,0384ec78-864ea363.jpg,0
903,9f410d74-388cf6c8.jpg,1
904,5c21c0bc-55fa27f4.jpg,4
905,0096bcca-c2027ec4.jpg,2
906,0d56a2c2-c244cb4c.jpg,5
907,a232832a-3568ff55.jpg,7
908,5e4593c9-d93ab965.jpg,1
909,5d379513-3363abb3.jpg,6
910,00e9be89-00001575.jpg,5
911,738df342-eec9a6d4.jpg,1
912,39b8ced4-00000000.jpg,3
913,1fd1161c-327ce806.jpg,5
914,b9a6cd2a-0cea14f6.jpg,4
915,a3fcd8d1-74a7d559.jpg,4
916,a278206e-e1bcf1bd.jpg,6
917,3f715add-d20416d8.jpg,7
918,7624c236-00000000.jpg,8
919,4f416f33-873d3819.jpg,6
920,437bc97c-96e7c98c.jpg,5
921,208be040-eee6cc6f.jpg,3
922,5a36ceba-877d599f.jpg,6
923,454b546c-837d6fe8.jpg,2
924,40f40ca7-96b25dd0.jpg,9
925,3fd00225-1ae1ecd6.jpg,3
926,2fa46b4c-d713c9a4.jpg,5
927,57a74e8d-49d84084.jpg,5
928,c9b82f4e-fd73af29.jpg,6
929,6a8406a2-00000000.jpg,3
930,20d09c67-1b2b8be1.jpg,3
931,22d2c987-12cb972d.jpg,2
932,44054e56-80ad2e95.jpg,2
933,34415965-00000000.jpg,6
934,4881f324-00000000.jpg,0
935,49469fcc-31ac03cc.jpg,0
936,495e2c3d-01f03645.jpg,3
937,3777317a-f7fd7fcd.jpg,2
938,c8a5a379-cb506f54.jpg,6
939,298b4e25-00000000.jpg,2
940,36a3ac83-13d56486.jpg,0
941,97074d30-955acabe.jpg,1
942,361f8f35-00000000.jpg,6
943,2c96a31b-35a70000.jpg,1
944,1da2eaca-01d584d2.jpg,1
945,270ed800-2798aa34.jpg,8
946,0dc3d787-4982a6e6.jpg,6
947,6a6e78aa-6e9cc179.jpg,3
948,42222674-00000000.jpg,6
949,916b6d18-46ba3100.jpg,0
950,6c9dbd17-989ad660.jpg,0
951,1effe3ed-ee852960.jpg,3
952,8cf08f17-26dfe039.jpg,3
953,8f8784e7-65165f65.jpg,4
954,b761cf92-0ec720b9.jpg,3
955,7852b378-d6af4e44.jpg,4
956,2db2ae94-89514b88.jpg,1
957,00e9be89-00001005.jpg,1
958,165fd452-cf58c843.jpg,1
959,21fcab2c-a0ca0000.jpg,2
960,b4f360ca-78e0a64c.jpg,0
961,7ccd7466-426b0001.jpg,2
962,c11bcaaf-2213faec.jpg,6
963,13dcefd6-8b81e410.jpg,6
964,38a7cc60-88f195d0.jpg,10
965,2b83bd64-ce6e788c.jpg,3
966,aa191918-f8539ff2.jpg,3
967,5012d78b-4fe41c40.jpg,1
968,4d46af79-08843ce0.jpg,0
969,21af0c6b-46002981.jpg,4
970,5bd89ff8-3cd95e28.jpg,6
971,71de4a7f-8e319e80.jpg,0
972,12657f19-00000000.jpg,1
973,1abefa71-57f4a86e.jpg,6
974,6b396ef6-5652865b.jpg,6
975,63f73472-028615f1.jpg,4
976,0d6822ce-741be0b9.jpg,11
977,2cb8abce-c01de913.jpg,3
978,2a2f41b8-d54e8094.jpg,3
979,c9427dd5-8dd8e51f.jpg,6
980,335efe0a-b37f8558.jpg,2
981,5a52fa32-546eda5b.jpg,3
982,460ca3ed-a8520001.jpg,4
983,c3130621-11b84f78.jpg,3
984,68be5b8f-21c2824b.jpg,5
985,19cd9c06-f7cb2ecd.jpg,5
986,6dd76b3b-a5ab74eb.jpg,4
987,08db5a44-40831b75.jpg,0
988,5e1d2d67-27548dc9.jpg,1
989,4fcefa4e-a2015ed7.jpg,5
990,0a172b0e-136b7a63.jpg,4
991,bb5cc516-235bb167.jpg,2
992,ac6e3fd3-c0ed35c5.jpg,2
993,7683cc31-27bf0001.jpg,1
994,7ba130a1-4e9cf3e2.jpg,6
995,b37cacf7-0d3ce003.jpg,9
996,25e3206e-e6c29f72.jpg,3
997,6d5c1066-a0b34154.jpg,2
998,3b497cd7-74e42f29.jpg,0
999,43e04451-9ab4c11c.jpg,7
1000,051d6f8d-ab210001.jpg,2
1001,5269b2c4-ecc0610c.jpg,2
1002,7a6d892a-2ff41792.jpg,1
1003,74b4ee8f-00000000.jpg,5
1004,52407592-00000000.jpg,2
1005,0fd5c032-3f1d4196.jpg,7
1006,b4fce2f5-d8eee5bb.jpg,5
1007,0fd50fa7-f14c78b9.jpg,3
1008,55bd9a88-5a2b15cb.jpg,4
1009,3c605e1e-65dcc698.jpg,1
1010,0cd3378c-e94d1795.jpg,7
1011,7ac95044-59bdf205.jpg,3
1012,62fc466a-0e78cbf8.jpg,3
1013,060b8e4f-d05f9e18.jpg,1
1014,37e92dd3-2a566380.jpg,6
1015,692f2e19-1f211099.jpg,11
1016,186b8229-93f247b4.jpg,6
1017,81c8a7fd-effee244.jpg,3
1018,6debed6c-577c0000.jpg,1
1019,3b98cd83-f7f83195.jpg,0
1020,5b10cbfb-590e2a8d.jpg,0
1021,8d50828f-de973f04.jpg,2
1022,3607c09e-83079ead.jpg,1
1023,496470d2-fcc72e11.jpg,2
1024,3e98ab9f-cba5498c.jpg,2
1025,739da56e-90202988.jpg,3
1026,21609974-1e6c098f.jpg,4
1027,265585e1-e3e9ffd2.jpg,4
1028,2084b999-00000000.jpg,3
1029,00e9be89-00001165.jpg,5
1030,2f1d116a-bd884028.jpg,3
1031,1b9723df-00000000.jpg,7
1032,2e5f2cd9-c7b141d5.jpg,1
1033,31134777-05a68a69.jpg,0
1034,39938fb0-e5be04f9.jpg,4
1035,00e9be89-00001830.jpg,6
1036,06d937fd-3df1b5be.jpg,7
1037,685cfb0f-957b6b86.jpg,2
1038,5c582b02-9311595a.jpg,3
1039,4bdd2193-546f8f2c.jpg,1
1040,4c758b61-ec84d797.jpg,5
1041,13e7e580-68BC1FE2.jpg,3
1042,62232ce0-7a4d363b.jpg,2
1043,46dd9b4b-40645433.jpg,2
1044,5ff99bb6-d7e354c2.jpg,4
1045,023d0f3c-564e6d31.jpg,8
1046,212b5e76-71679aa0.jpg,3
1047,8f7cabc7-07ba4411.jpg,4
1048,541bdb02-0751df83.jpg,3
1049,0ae50799-6c1ef2e2.jpg,8
1050,10b3a42a-00000000.jpg,2
1051,74634268-dbe4c302.jpg,0
1052,164b2a2d-b3b20001.jpg,4
1053,6319586d-00000000.jpg,5
1054,9afd7f8d-3cefe043.jpg,5
1055,7238b169-c3aebcfe.jpg,8
1056,2198ea8d-c6d53417.jpg,0
1057,5e5188d9-4b701ee0.jpg,1
1058,36d5c63d-00000000.jpg,6
1059,0bc0b27e-b932a660.jpg,6
1060,38b5478c-6485313b.jpg,2
1061,1bdba2c3-292b3682.jpg,4
1062,2cf343a9-c2028048.jpg,1
1063,3d80b59b-589b6b56.jpg,8
1064,283d4d33-00000000.jpg,6
1065,644c8566-4b32a31f.jpg,2
1066,5c394198-b27db2b0.jpg,6
1067,a05d691c-ad9a53e3.jpg,2
1068,b2694461-db4f4470.jpg,3
1069,9db4f8d8-2cf93a66.jpg,1
1070,17c135e3-00000000.jpg,3
1071,439c1313-3d04d575.jpg,4
1072,2cb6069b-e5b3381f.jpg,4
1073,bcd02ab4-440fd7e6.jpg,5
1074,4c224efd-58624a92.jpg,1
1075,00e9be89-00001415.jpg,1
1076,3cc9c269-dff0e29d.jpg,4
1077,bab692c9-4d1f2bdd.jpg,5
1078,0c5636b3-00000000.jpg,4
1079,373a8558-8b3a40f4.jpg,0
1080,adf95955-a6693cab.jpg,2
1081,5b5ef82d-9c96c78f.jpg,5
1082,2aa8eb51-714a3bce.jpg,2
1083,7559c118-e97b44ef.jpg,3
1084,5ae68863-48094600.jpg,1
1085,130aaf4a-ba6c0000.jpg,0
1086,2444b4fc-7849857a.jpg,3
1087,aef62727-a6e9f401.jpg,2
1088,466c25b9-76939e83.jpg,2
1089,ab26215a-5559bf43.jpg,4
1090,5c662be9-442b30ef.jpg,4
1091,63f60549-9b10acd3.jpg,2
1092,6f87b692-da34b51e.jpg,5
1093,1e2c8d56-9b5e9dd7.jpg,3
1094,2a7a4866-18b0208f.jpg,1
1095,4ec8631a-c5f7326a.jpg,3
1096,2c8372e8-00000000.jpg,2
1097,58c77712-74d05e2e.jpg,3
1098,1ea051e1-6b47f322.jpg,2
1099,2dbe0141-3e983830.jpg,1
1100,98b6f756-42e770f5.jpg,0
1101,1527bec6-44012e7b.jpg,1
1102,bad89ad9-f1f414d4.jpg,3
1103,9d3e6f33-49b7f110.jpg,0
1104,9cc38504-3f7a62ca.jpg,4
1105,24f2f6d4-3e507cd6.jpg,3
1106,0dee3467-8bd40000.jpg,4
1107,5e6963ce-7cee3dfa.jpg,8
1108,2b49d4cc-9dd70001.jpg,0
1109,2126150a-c86c859e.jpg,6
1110,2f0bcb89-4269827a.jpg,6
1111,03845106-00000000.jpg,3
1112,8283d288-c907d43d.jpg,4
1113,547c7ef7-00000000.jpg,2
1114,648cfcff-f4f55ec7.jpg,1
1115,b6541edc-7408a6a4.jpg,2
1116,019891ed-c14e0001.jpg,2
1117,b2be7200-b6f7fe0a.jpg,5
1118,2b49d4cc-9dd70000.jpg,1
1119,6336b810-8e89dc94.jpg,5
1120,b909df8f-51c5470e.jpg,2
1121,0dee3467-8bd40001.jpg,1
1122,019891ed-c14e0000.jpg,1
1123,54ea83be-4fb34641.jpg,0
1124,0a8610c6-593513f9.jpg,4
1125,3c69140a-43da3da3.jpg,6
1126,75df1dc9-00000000.jpg,2
1127,71564926-00000000.jpg,9
1128,39de26fe-10cca1dc.jpg,3
1129,2ed57173-83fff229.jpg,4
1130,33efe077-4526f3b4.jpg,2
1131,360cfc03-57f966fc.jpg,1
1132,83a1c205-b1e40bb4.jpg,1
1133,c64dd3d9-ed092171.jpg,5
1134,3c8093b5-3a5212fb.jpg,5
1135,6d0e38f3-98a27224.jpg,4
1136,19fc85f7-0ccb9571.jpg,0
1137,5d023727-f4cd9940.jpg,4
1138,3fba086e-ea01758b.jpg,1
1139,633c898b-00000000.jpg,3
1140,75c3fa01-00000000.jpg,4
1141,5d1e595a-335f83d4.jpg,1
1142,064c84ab-5560b5a4.jpg,3
1143,130aaf4a-ba6c0001.jpg,2
1144,24e0b338-ae41ef33.jpg,3
1145,258e047d-d928594f.jpg,5
1146,5490e6aa-360b1f25.jpg,2
1147,400f44fd-00000000.jpg,1
1148,4f5ac528-2e2543d5.jpg,7
1149,9e771b2e-2d041638.jpg,3
1150,71d0057e-85473da7.jpg,6
1151,c44c7f5c-9bef0aea.jpg,3
1152,60ba25dd-6c0df417.jpg,2
1153,0378d8dc-92df2dd4.jpg,3
1154,00e9be89-00001400.jpg,3
1155,97ad5182-1fee7596.jpg,2
1156,3df93181-c7ad676b.jpg,0
1157,2a051b12-a7404163.jpg,1
1158,60855380-49afeced.jpg,6
1159,90ea4f91-6de4faa1.jpg,0
1160,43655cb5-4969d939.jpg,1
1161,00e69ee0-9656df95.jpg,4
1162,a248ac9f-5aa31a49.jpg,4
1163,23ae9ed0-8b5e7a2b.jpg,1
1164,0f8cb657-8ad774d0.jpg,5
1165,0273a587-00000000.jpg,4
1166,7fc69e06-c26e122e.jpg,4
1167,4d15c92b-e300139f.jpg,1
1168,73c1de6b-6d50c51b.jpg,0
1169,c4f59bdd-11bad1c6.jpg,1
1170,4c22bf44-5c09f38a.jpg,3
1171,1bfadf5d-fde0b489.jpg,4
1172,164b2a2d-b3b20000.jpg,3
1173,6a0d6cfd-e28fa477.jpg,4
1174,76ef892d-f3ae0000.jpg,5
1175,11ecaf4a-8586cdd5.jpg,4
1176,4c207ec3-f835c66a.jpg,5
1177,60a578a9-e424bd2d.jpg,2
1178,9786a4a5-01addba5.jpg,3
1179,43655cb5-d542a7a1.jpg,3
1180,27c2b3af-e0bdf021.jpg,4
1181,7c2747e6-7e2fa73d.jpg,3
1182,0e764680-656be9ac.jpg,1
1183,c0f5b0d0-6e438a33.jpg,1
1184,2a8b147f-40a95be5.jpg,7
1185,920c88a6-b6965810.jpg,4
1186,00e9be89-00001825.jpg,5
1187,c8ed82f7-fe694d2f.jpg,8
1188,9e7aa0d8-f615ea6e.jpg,6
1189,3fb6a323-00000000.jpg,4
1190,24179c38-b8325990.jpg,2
1191,bff7ed18-b5f7d2e1.jpg,2
1192,55c1775b-c8b9565e.jpg,3
1193,1ee44266-5cd61ffa.jpg,4
1194,a1064e6d-910ae454.jpg,0
1195,775329ce-bf5fbe08.jpg,5
1196,0fa41d9d-0f21770c.jpg,4
1197,3eef0f31-633fd78e.jpg,5
1198,14a197e0-8a00fc55.jpg,9
1199,2d20e8bb-5a4ec16d.jpg,0
1200,08b1123b-086ec4ee.jpg,1
1201,24f3b9c1-8da6c8a9.jpg,3
1202,4d61587b-0a52f7f9.jpg,0
1203,15156322-00000000.jpg,2
1204,1f460b06-dec5d3de.jpg,5
1205,72640067-9c2d4c47.jpg,3
1206,1b798e43-2515a312.jpg,0
1207,00e9be89-00001170.jpg,6
1208,39fc1bf2-67409f70.jpg,2
1209,2ddc4f7d-dba30d50.jpg,8
1210,4d87df0f-1699abb1.jpg,3
1211,7e8a2803-a034c5d8.jpg,0
1212,6f8efafd-4dda6171.jpg,4
1213,3f192d4d-97d00f96.jpg,8
1214,4cbfd3a6-a8dc2080.jpg,3
1215,a463a36f-93f4044f.jpg,6
1216,2a36dfe4-cb5bcd44.jpg,3
1217,32cf0c44-8785d8e6.jpg,6
1218,11bf94bf-2fe7ae78.jpg,6
1219,a9f11a2e-2e6abd0c.jpg,1
1220,c776d10b-ea20be3a.jpg,0
1221,6fbbfb15-00000000.jpg,7
1222,2ce6b94f-fc3bec35.jpg,5
1223,0a4ff9b9-00000000.jpg,6
1224,051d6f8d-ab210000.jpg,4
1225,c146d100-92fd1b9f.jpg,2
1226,26b69e17-00000000.jpg,2
1227,9c28931a-ea35a7bd.jpg,2
1228,85d1f47d-b2c06785.jpg,7
1229,57e78466-027676c0.jpg,7
1230,3d31c23f-bb0e2813.jpg,7
1231,50c61b64-20888389.jpg,6
1232,4561d1dd-00000000.jpg,1
1233,013ae324-36be6bc2.jpg,4
1234,36ae0153-0b30a49b.jpg,8
1235,26ed798f-d636d1c4.jpg,3
1236,1c7b0fd4-00000000.jpg,2
1237,6dce93ad-e3ad674e.jpg,2
1238,6e1adb10-3fffc258.jpg,3
1239,5d73f301-4243a516.jpg,0
1240,c0677163-c63c7c95.jpg,5
1241,a310e8f3-65a5066d.jpg,0
1242,7683cc31-27bf0000.jpg,1
1243,2504d789-00000000.jpg,5
1244,2ce6b94f-d1a616aa.jpg,0
1245,552e99d7-00000000.jpg,8
1246,5a0402b5-4ef8ee16.jpg,1
1247,5e05a518-adb7211f.jpg,6
1248,20ff37cb-73e51bae.jpg,3
1249,80af9d8e-506bc4b6.jpg,5
1250,c9c6949a-5aeaa8fd.jpg,3
1251,3dd2409c-00000000.jpg,3
1252,37992925-cd737b8b.jpg,4
1253,6fa360a3-00000000.jpg,1
1254,48f50032-36a3a911.jpg,0
1255,0ff690fc-7122d807.jpg,5
1256,8503e27b-35dd625c.jpg,3
1257,a62e5bac-5abf4504.jpg,3
1258,6301eaeb-73d676eb.jpg,5
1259,460ca3ed-a8520000.jpg,3
1260,b19efc15-9583cded.jpg,2
1261,2f0faae3-3643dd3e.jpg,5
1262,c32da93f-1463bf89.jpg,7
1263,9b24e896-629e55b7.jpg,2
1264,00de5508-00000000.jpg,4
1265,01c4035b-bcaeb067.jpg,5
1266,35be1e3a-023ec695.jpg,0
1267,20d3d92d-cb6dd6fc.jpg,2
1268,2aa78739-3fd20bb3.jpg,0
1269,a5dd241e-e61c0e76.jpg,3
1270,4ffc2e24-a5d25ce4.jpg,7
1271,5f9e9266-78dac9cc.jpg,0
1272,6fa3dece-4ab816fd.jpg,2
1273,00e9be89-00001010.jpg,3
1274,160d9039-7f5b9f08.jpg,4
1275,5d202f60-9daa5082.jpg,4
1276,0ee642f9-22c03b1a.jpg,2
1277,7ccd7466-426b0000.jpg,2
1278,254ab204-00000000.jpg,1
1279,21fcab2c-a0ca0001.jpg,2
1280,b9443e30-c9275e4a.jpg,8
1281,75fcb559-4cdb2554.jpg,6
1282,0e21b3fa-648e5a8a.jpg,5
1283,8bd192f8-d251dd95.jpg,6
1284,0e5016e5-00000000.jpg,11
1285,1c57c51f-0969a6a8.jpg,8
1286,6d369981-9cdac3e4.jpg,0
1287,0c8a7a98-e267fd54.jpg,0
1288,388af398-d6141a4c.jpg,3
1289,b4eb79bd-288f1507.jpg,1
1290,4fdd1eab-a9ba3f59.jpg,6
1291,ad84310e-1a2a0837.jpg,5
1292,66269058-5f039fdb.jpg,0
1293,9e75b2a9-98437b5b.jpg,2
1294,0547891f-00000000.jpg,6
1295,076399f2-4c68835b.jpg,3
1296,ba2e8260-2f6c9b36.jpg,2
1297,9eb5163f-701f3217.jpg,2
1298,4e1f88e3-6496831b.jpg,2
1299,1fa8aed6-2e4ce3dd.jpg,0
1300,20cdc03a-00000000.jpg,2
1301,2c96a31b-35a70001.jpg,0
1302,6605c97a-70fb0caa.jpg,3
1303,4af51615-ef42fd29.jpg,5
1304,6cc6d77b-05f557ac.jpg,1
1305,53d62942-c8f4ce8c.jpg,3
1306,03b5548e-d872add5.jpg,1
1307,15905cba-8fc0ec85.jpg,7
1308,3febc9d1-76a7ee33.jpg,3
1309,bd0380e5-846f84bb.jpg,4
1310,2cb96c21-099ab1cc.jpg,1
1311,73bd6aac-de295c59.jpg,3
1312,83a3ef4b-9e72764d.jpg,4
1313,1b72624e-00000000.jpg,4
1314,b1d10d08-c35503b8.jpg,10
1315,4b70363a-e3e11e5b.jpg,5
1316,c696b1c8-b2fba873.jpg,4
1317,5b37ba9e-5548926f.jpg,3
1318,5a349d96-8b980041.jpg,6
1319,7571fd19-6fed0001.jpg,5
1320,20ef5a70-30216bd9.jpg,5
1321,604456e2-df9b9fd4.jpg,4
1322,478fb6de-73ca225c.jpg,3
1323,10ab7e07-00000000.jpg,1
1324,16d24277-25eb1d38.jpg,6
1325,b9d34460-5d3c8bcf.jpg,3
1326,468cb493-bfc295a1.jpg,3
1327,c68dcb6b-c1775bef.jpg,6
1328,06c79d8e-f6ed5d1e.jpg,0
1329,00e9be89-00001560.jpg,4
1330,bef271e3-99f9020e.jpg,1
1331,0e31726a-00000000.jpg,1
1332,54032983-5be58724.jpg,2
1333,0bcc752f-fd302777.jpg,1
1334,00e9be89-00000130.jpg,1
1335,3de9984e-3a593fb4.jpg,2
1336,0b4c8138-adfdfb43.jpg,10
1337,6dadc504-965de408.jpg,5
1338,2cf7c671-b3b1ff48.jpg,6
1339,bf9aa573-01b4b4f8.jpg,1
1340,003ddde7-36ee8299.jpg,7
1341,64eb725a-810c7303.jpg,1
1342,5aabdcc5-4d037889.jpg,1
1343,4f6f7aca-92480000.jpg,4
1344,a6455af8-f0a1f75b.jpg,9
1345,4677c33c-c0376e34.jpg,6
1346,34d80f57-bd3b9ea7.jpg,1
1347,53689ded-3f71b798.jpg,1
1348,1657b8e3-ca32d044.jpg,7
1349,164bbcc6-4ec5264a.jpg,3
1350,12a3bfc4-6c271e39.jpg,4
1351,047e732b-aa79a87d.jpg,0
1352,4e0e8b40-845f0001.jpg,4
1353,0a62fd27-00000000.jpg,3
1354,49a0a1bd-578258bf.jpg,0
1355,2372cb17-0708852d.jpg,6
1356,a12d8ff4-c8c0b1fc.jpg,2
1357,290013a9-1fc97b5b.jpg,5
1358,57ed3e7f-2c48c31d.jpg,9
1359,b7b07700-7dd6ec37.jpg,0
1360,2f1f0f56-c921bc72.jpg,6
1361,21da347b-679df204.jpg,0
1362,483fa316-00000000.jpg,4
1363,6330d5d4-00000000.jpg,5
1364,636e1090-2fce0001.jpg,4
1365,6462a29c-a1f856d9.jpg,2
1366,398f275d-10c33c29.jpg,0
1367,5c9c44b4-de6b3ad4.jpg,8
1368,68337b66-2d118189.jpg,2
1369,1cbc652a-535d7ba3.jpg,6
1370,00e9be89-00001210.jpg,3
1371,7969eea5-00000000.jpg,1
1372,45230a51-9e1e10dc.jpg,2
1373,4e6d3021-3e2fc12b.jpg,3
1374,69d0cfa5-00000000.jpg,4
1375,197c8ab8-da380001.jpg,1
1376,4ff25582-00000000.jpg,4
1377,4888a04c-9d31dfaa.jpg,2
1378,36e33098-604c6db3.jpg,4
1379,81a98a9a-a5f57a69.jpg,3
1380,c3dc6d37-450bc114.jpg,0
1381,1969e872-44b40001.jpg,1
1382,54c565a5-2c354d5b.jpg,4
1383,28f73d40-e4720000.jpg,1
1384,40cc2058-768f2e21.jpg,7
1385,4460eded-41772c1a.jpg,3
1386,2d783b3a-a6304dbd.jpg,5
1387,357dcfc2-08ccedc6.jpg,4
1388,2bf66560-5dbbb4a5.jpg,2
1389,3c0852b7-38ca0757.jpg,0
1390,b843ef1b-2756a85d.jpg,3
1391,1d74a038-5bc38f74.jpg,3
1392,6f688645-3bc75ff7.jpg,7
1393,11886292-7b112025.jpg,4
1394,972ab49a-a7460506.jpg,1
1395,553e4a19-a7ce0000.jpg,0
1396,a65ee719-0688ed2e.jpg,4
1397,0d13ae3d-e9464a42.jpg,7
1398,0cfec584-8ab90c1e.jpg,3
1399,c3981cf1-6e95c296.jpg,3
1400,3c1a9a7d-c44eeb32.jpg,0
1401,2e72ac5f-dcdac120.jpg,5
1402,0bc0b27e-a94dd126.jpg,4
1403,4b9bdc73-821e5299.jpg,7
1404,a4ce8afe-d962c20a.jpg,8
1405,182dc406-bf42c505.jpg,4
1406,2c2e7faa-2df9bc77.jpg,2
1407,1d6dd768-d9ade38a.jpg,4
1408,5ffe9db5-8c3f0001.jpg,2
1409,09db60e1-f4a32cc4.jpg,4
1410,aadcb77e-0d49b493.jpg,6
1411,334de070-e24115dd.jpg,2
1412,269d6c44-e0d39ef8.jpg,6
1413,11d0db2b-d0b29fec.jpg,1
1414,08022699-d03af7f6.jpg,6
1415,50c7e6a3-728823db.jpg,3
1416,06fb4e9c-f4fccd15.jpg,4
1417,2f388e44-3b8c08ae.jpg,0
1418,585c44ac-00000000.jpg,4
1419,5fbbefc4-5c5a262a.jpg,1
1420,244a8b0c-70494f6d.jpg,4
1421,512ee340-00000000.jpg,2
1422,b55305bd-f66ad8fb.jpg,4
1423,00e9be89-00001760.jpg,2
1424,13980959-e2ec7280.jpg,5
1425,9bbbafe6-db7b36de.jpg,1
1426,0dc5eff4-9ebc6928.jpg,1
1427,40328742-3fd92108.jpg,2
1428,24a1c1b7-fccae7ad.jpg,6
1429,307be9b0-6e850000.jpg,3
1430,a1a42dcd-daa8d404.jpg,2
1431,084811da-94a1a9ee.jpg,0
1432,aaa97f3c-d7de0ede.jpg,5
1433,236e681e-3fe83ea1.jpg,2
1434,29af416c-f171c162.jpg,3
1435,15149a7b-00000000.jpg,2
1436,bbb1289a-a3fbe37f.jpg,4
1437,6a9de0c7-dceda8d2.jpg,8
1438,1f44d8f2-8b61b124.jpg,4
1439,6e8e4306-cd9d970b.jpg,3
1440,c2e4e91e-cf165083.jpg,4
1441,2e1e3eaa-4ec66394.jpg,10
1442,810dfc9d-0adc7e3a.jpg,3
1443,5968243c-00000000.jpg,1
1444,4bad37dd-d3870000.jpg,3
1445,5629f41b-00000000.jpg,5
1446,c3dde797-f180bf54.jpg,4
1447,0ca68027-29e38754.jpg,1
1448,167cd9ad-0ee4b7e4.jpg,1
1449,03e0a9d3-2bcd0001.jpg,3
1450,a332e6ef-2fb7a47e.jpg,2
1451,65939f30-fc872d46.jpg,10
1452,6ad83e47-f153c2a2.jpg,6
1453,76663911-826adbde.jpg,3
1454,3f42e14a-7d6a97ac.jpg,5
1455,2cf578fd-656058da.jpg,4
1456,6cc6d77b-7cbaf6ca.jpg,1
1457,137a2bd7-00000000.jpg,5
1458,019e7509-00000000.jpg,5
1459,c126dfe1-2a1c0ea8.jpg,4
1460,1b99964b-ca91821b.jpg,5
1461,0d538703-ccd64878.jpg,5
1462,62f8a87a-b4fa9969.jpg,1
1463,79c4a8b5-e70f5b88.jpg,1
1464,160a76cc-1f732b27.jpg,5
1465,0bf8851e-e3f5b31d.jpg,9
1466,18e598f0-13810001.jpg,2
1467,75166788-59f22c0b.jpg,6
1468,58b76ba6-7ad2b2d7.jpg,2
1469,409b367f-e28dbcd1.jpg,1
1470,16df5285-89f204f6.jpg,1
1471,4f8e6f6a-d0c4250a.jpg,0
1472,7900420f-00000000.jpg,3
1473,66e1bd00-790f28bc.jpg,4
1474,35b01804-acb826d5.jpg,6
1475,b90ca71f-3cf69251.jpg,1
1476,6df3c1f4-80e4c6f8.jpg,2
1477,6c109a6d-7c1ad091.jpg,4
1478,6c1926b0-6fdf66e4.jpg,3
1479,57671c58-6f118aeb.jpg,5
1480,30b13f7f-90cea216.jpg,5
1481,097650e5-433d4bdc.jpg,4
1482,00e9be89-00001600.jpg,4
1483,1d1a1586-987eb0be.jpg,7
1484,1f3c30a4-210fcb64.jpg,7
1485,718b0cb8-00000000.jpg,7
1486,24bb4a4a-fde39c27.jpg,4
1487,6e89a0ba-00000000.jpg,3
1488,3ebef51a-f2c82b41.jpg,0
1489,2db961a3-dbc02aeb.jpg,10
1490,4c41be8f-a1e46e8b.jpg,2
1491,55c52f00-8640e0da.jpg,7
1492,5c26257f-22bec302.jpg,3
1493,08e3c891-54afd74c.jpg,2
1494,99a231d3-034f054d.jpg,1
1495,754104d7-9e8eec42.jpg,4
1496,736ef944-58b4e2c9.jpg,0
1497,73195184-318b4bc1.jpg,2
1498,4939aa98-feb43bc3.jpg,4
1499,0aab648b-ea86909c.jpg,2
1500,66c31f60-dce40001.jpg,4
1501,7a15e236-cf9af4e0.jpg,4
1502,57cdb637-d5d678a9.jpg,6
1503,056c5701-175a265c.jpg,6
1504,3ae78800-940d52c9.jpg,4
1505,6d2c6314-18d4cd90.jpg,4
1506,55083248-ef9cdda1.jpg,3
1507,7fe274e7-b2c33776.jpg,5
1508,01818f85-6397dd75.jpg,0
1509,0391de8e-00000000.jpg,1
1510,4875e9c3-4ebb0000.jpg,0
1511,2e44968d-15c430d5.jpg,3
1512,5dc0ab8c-50320001.jpg,1
1513,5b1d2f41-b5040000.jpg,2
1514,8409eba7-3b8f583e.jpg,3
1515,b3990aa9-8adaa51a.jpg,5
1516,4cfa5eb5-36df47d8.jpg,5
1517,1ff90038-ff3d047b.jpg,6
1518,7291f215-f66e0001.jpg,3
1519,c7706d20-5f4987db.jpg,1
1520,67848ef2-00000000.jpg,5
1521,176c2e34-b84e3255.jpg,9
1522,3a92c879-b2420117.jpg,1
1523,316fc6f3-d167c189.jpg,4
1524,23445ef6-af90b81d.jpg,1
1525,3fc4ffaf-d50f2074.jpg,9
1526,051a273b-48b86bf6.jpg,3
1527,7ad2aa84-66b411d5.jpg,7
1528,58208859-5316743a.jpg,2
1529,07707e5b-6952cdb1.jpg,1
1530,0fa741ce-76dbb843.jpg,1
1531,c2381a27-bf6306b9.jpg,0
1532,18de0e20-9c9da48b.jpg,4
1533,63c41fb9-25ef966e.jpg,4
1534,1338c75c-91e30001.jpg,7
1535,608d944f-6d009d89.jpg,0
1536,00e9be89-00001370.jpg,1
1537,245440db-00000000.jpg,3
1538,0e8c2d15-27cabc30.jpg,4
1539,73f91726-106f6324.jpg,0
1540,6305400d-8f91f2d4.jpg,1
1541,7ce33243-6db43a7e.jpg,3
1542,abd5350b-85ea1439.jpg,2
1543,0d01bff2-38b969d3.jpg,4
1544,50ec43cf-e41192f7.jpg,6
1545,1f44d8f2-df67cace.jpg,1
1546,8bb0c5df-41110694.jpg,0
1547,896425f5-36a83b80.jpg,3
1548,02ea9e52-b4b02f95.jpg,7
1549,99e9d816-7fdd0a07.jpg,0
1550,0e82aef9-00000000.jpg,2
1551,a5e44577-be39de51.jpg,7
1552,861e83be-5772ca7b.jpg,0
1553,47924e4b-41cb8bd8.jpg,7
1554,1f4de0c9-975421e7.jpg,5
1555,a32e85d1-3f06cd9d.jpg,3
1556,10391e15-03dc97a5.jpg,1
1557,1798f471-f9facd88.jpg,0
1558,533e3610-60f31a92.jpg,2
1559,00bc0319-94afabc2.jpg,4
1560,c007dc97-377cfd8a.jpg,0
1561,750eb859-5f17f926.jpg,3
1562,42e8451d-9445bab4.jpg,5
1563,6ac3ccd7-ca004464.jpg,9
1564,1b42cfb0-231ac07e.jpg,3
1565,755ccf79-98db9245.jpg,7
1566,8413f861-580b500d.jpg,3
1567,67a9f729-e9eb734e.jpg,1
1568,2bfefd96-00000000.jpg,6
1569,0521fd41-39bc52be.jpg,6
1570,2f562a4c-646b78d3.jpg,8
1571,660257b3-6c3d64e5.jpg,4
1572,b645271a-cd9ec256.jpg,3
1573,4c168fa1-d0015bd2.jpg,3
1574,13288932-6c2af1b1.jpg,2
1575,5c840b44-f80a42d6.jpg,3
1576,9dbd32ed-37fb35eb.jpg,6
1577,0478d053-f5bb5868.jpg,5
1578,320f488b-eb3b1994.jpg,3
1579,3b03f735-4b7998ea.jpg,1
1580,58174c0b-2c69ceba.jpg,3
1581,9ac7f707-82f9c673.jpg,4
1582,130a2a49-03f7f2b7.jpg,1
1583,75a23bac-72c075cd.jpg,3
1584,c281c4a6-27abfe08.jpg,4
1585,7c0dbcb7-84b4dcfe.jpg,2
1586,18b57f39-4f41ecba.jpg,1
1587,0714456d-264838d6.jpg,4
1588,5134da4a-53d81886.jpg,2
1589,71ae6276-81724033.jpg,5
1590,1df0a2b3-bcece07f.jpg,4
1591,418828a4-1faf6855.jpg,6
1592,1ac17070-a796049e.jpg,2
1593,24bff1fe-f7df9665.jpg,0
1594,0d840e3e-1e1d6d69.jpg,1
1595,52c0315c-51a50637.jpg,5
1596,1338c75c-91e30000.jpg,6
1597,5c2ce71f-00000000.jpg,4
1598,3e7b5e13-e0b6273a.jpg,1
1599,00e9be89-00001365.jpg,1
1600,429c57cd-d75c693b.jpg,4
1601,314662b7-00000000.jpg,0
1602,522dd58e-00000000.jpg,3
1603,7291f215-f66e0000.jpg,3
1604,700fca50-00000000.jpg,1
1605,5ab39cd7-ea0a60c3.jpg,5
1606,4bbc2264-00000000.jpg,5
1607,4524d988-7f903d26.jpg,3
1608,6bb5a881-15e5c2c4.jpg,4
1609,9fbe18c1-ff1dd814.jpg,0
1610,1e45de2a-609a28e9.jpg,3
1611,0f2e6f9c-a281e34b.jpg,2
1612,453569ca-49948b65.jpg,2
1613,6122e3d5-00000000.jpg,3
1614,98af0dbd-8092a708.jpg,6
1615,3a8d5e2c-ea56a895.jpg,3
1616,58434cca-00000000.jpg,5
1617,5aa4b41c-fb0b5f63.jpg,5
1618,7bb15163-4e7897b1.jpg,1
1619,5c503b26-dacf4d71.jpg,0
1620,73b09461-29fd15f1.jpg,3
1621,5dc0ab8c-50320000.jpg,2
1622,2a145c2b-00000000.jpg,3
1623,4875e9c3-4ebb0001.jpg,1
1624,0d1541c9-f4845f6f.jpg,2
1625,3f235ecc-0af071ab.jpg,6
1626,0fc0b0cc-75d5e23d.jpg,3
1627,77047ecb-1cb1e8d9.jpg,1
1628,b1f85377-44885085.jpg,3
1629,1db70110-e028541e.jpg,4
1630,0face0a1-5b28a752.jpg,6
1631,4137dec6-a23cdae2.jpg,3
1632,4251a8a5-c119b579.jpg,5
1633,4b4cb9b0-3efa6143.jpg,4
1634,60ba25dd-3553a582.jpg,3
1635,3575887e-605fffce.jpg,4
1636,6dce93ad-2ee703a9.jpg,4
1637,6cef631b-a46d29f8.jpg,1
1638,705c6dce-9119c5de.jpg,5
1639,4a2dad4f-dc9183df.jpg,3
1640,0f3b5959-891de44a.jpg,0
1641,107bc4d0-a430a56f.jpg,4
1642,0d60205d-0e9f928a.jpg,7
1643,066d6f37-6037d379.jpg,2
1644,08e3c891-85c49152.jpg,6
1645,79b0b8e6-d4125e2d.jpg,2
1646,0b1b468d-607d678f.jpg,6
1647,1d4a2cd0-2346f354.jpg,1
1648,c6af6422-517e663a.jpg,5
1649,c8a7a62d-5bba0d73.jpg,3
1650,b5046f1e-97a3a2e5.jpg,0
1651,3ec64125-972fa4e9.jpg,2
1652,4b10e987-0fcfff5c.jpg,6
1653,0af06324-3f5aac20.jpg,0
1654,348b0361-241cdc35.jpg,2
1655,18e598f0-13810000.jpg,3
1656,0c04d29a-6bf85baf.jpg,6
1657,36b3dc77-043e3b58.jpg,3
1658,0a6f2b77-00000000.jpg,9
1659,11409559-f3c4582b.jpg,0
1660,41009619-71649668.jpg,3
1661,1e45b3c5-77f120fd.jpg,2
1662,4cd91231-65fa72bd.jpg,1
1663,489a53ad-e275e01c.jpg,8
1664,7f6e302c-f0cec2b1.jpg,5
1665,3fba086e-e20e66d9.jpg,5
1666,2a0869ed-00000000.jpg,1
1667,4a555fee-e0536084.jpg,4
1668,0b9fa855-936aae7a.jpg,2
1669,c5f99fea-d9ccc213.jpg,1
1670,9a2afc0a-203514f1.jpg,4
1671,2d466735-00000000.jpg,5
1672,6a03fe29-595633b7.jpg,2
1673,b3329255-4a5988f8.jpg,6
1674,0aba7df1-d488bc00.jpg,6
1675,0d1fc580-44142e94.jpg,2
1676,0ad051b9-9a513e8a.jpg,3
1677,7774e55e-1e684019.jpg,5
1678,59426e82-96fd75ca.jpg,0
1679,985ba4dc-1bc59838.jpg,4
1680,a629aa2c-e992ca2d.jpg,3
1681,4bad37dd-d3870001.jpg,0
1682,03e0a9d3-2bcd0000.jpg,0
1683,120b033c-00000000.jpg,2
1684,4a45ec3b-5272e614.jpg,4
1685,4ff7d9e8-db6c85a9.jpg,8
1686,3ff5056d-00000000.jpg,3
1687,89b27392-783bc97a.jpg,7
1688,b1d0a191-5490450b.jpg,1
1689,6b7556c7-8ddbbea2.jpg,1
1690,ac9d0954-1c55ddd0.jpg,6
1691,162f1fbb-00000000.jpg,3
1692,6529982b-aa168fc0.jpg,1
1693,1e983c41-27386473.jpg,5
1694,39c1eaf1-f492b39a.jpg,0
1695,1be5fef0-414e9973.jpg,2
1696,2842432c-b0843566.jpg,0
1697,2b92915d-72c85cc0.jpg,3
1698,9efebf4f-c9cb1819.jpg,2
1699,5ad29aee-ac6225c1.jpg,2
1700,307be9b0-6e850001.jpg,2
1701,6037c2ed-70d9980c.jpg,1
1702,96267bf4-0b68d6ae.jpg,2
1703,5e02d29d-5fcda394.jpg,9
1704,00cc68dd-3d50a55f.jpg,0
1705,c3593016-ac7c536a.jpg,4
1706,1064551d-375c7f31.jpg,7
1707,00e9be89-00001775.jpg,3
1708,b8086e12-1f7655aa.jpg,5
1709,3fb19921-d9d3d738.jpg,4
1710,3a7b78f0-b2b396b2.jpg,3
1711,1033005c-8c97322c.jpg,9
1712,3be414d7-00000000.jpg,0
1713,5d80fb76-76375db1.jpg,4
1714,67fff0e5-7261bdf2.jpg,3
1715,5b6c02f6-3c74bb16.jpg,4
1716,3feca4e0-680e4852.jpg,1
1717,c1f7cec6-549a06ac.jpg,5
1718,11dc1774-6eb9c063.jpg,4
1719,5ffe9db5-8c3f0000.jpg,2
1720,88c7312d-88e0e652.jpg,6
1721,bf4af26f-44beba25.jpg,5
1722,31e64dbc-00000000.jpg,5
1723,463e1919-b0b86306.jpg,4
1724,7be110e5-d242a3b3.jpg,2
1725,5257eae2-333fb57e.jpg,2
1726,0879ba7f-550d2c41.jpg,3
1727,1d0b7c55-f4521fed.jpg,5
1728,6a1a6ab0-fc01ef2f.jpg,2
1729,553e4a19-a7ce0001.jpg,0
1730,0e0ff624-53c9b3a8.jpg,6
1731,5a1ed081-8b80a48f.jpg,1
1732,07199529-6430013b.jpg,2
1733,31b3a4ce-524f7660.jpg,5
1734,05dbe9ff-ab4f1f73.jpg,7
1735,adb9b134-2937d690.jpg,2
1736,0bb3f3d3-12b85638.jpg,4
1737,33c47cbb-208839a2.jpg,6
1738,0bce68c1-629ddf0d.jpg,4
1739,6a624ab4-9864bbc9.jpg,3
1740,18ca58e1-0353ed4b.jpg,5
1741,1608cfe7-32da2c5d.jpg,1
1742,6c78054e-157bafcb.jpg,2
1743,774d2449-00000000.jpg,4
1744,28f73d40-e4720001.jpg,1
1745,39ab3861-00000000.jpg,2
1746,43766d58-3b85db97.jpg,0
1747,54e64331-f85da93d.jpg,7
1748,1969e872-44b40000.jpg,2
1749,c3009124-b8d0d1ea.jpg,2
1750,4e1f88e3-045bdae6.jpg,1
1751,00e9be89-00001205.jpg,0
1752,554aa65e-9ca7a308.jpg,2
1753,9391801a-aa362940.jpg,4
1754,09b978e2-d23f59a8.jpg,3
1755,657388f8-00000000.jpg,4
1756,41eacba2-f01f3344.jpg,0
1757,197c8ab8-da380000.jpg,1
1758,7a63357e-8f4feb25.jpg,0
1759,c536d061-694537c9.jpg,0
1760,61a09aef-c456781a.jpg,2
1761,4df1efb2-021adb8b.jpg,2
1762,636e1090-2fce0000.jpg,4
1763,39c3e66d-8075a5f8.jpg,5
1764,c07a05be-b5b2a3a4.jpg,1
1765,a1a8db6b-f5d2991f.jpg,2
1766,67376bf5-00000000.jpg,1
1767,556309bd-00000000.jpg,1
1768,778b9bbd-3397bbc1.jpg,1
1769,0b099136-bc2d1314.jpg,0
1770,1b082daa-98b669ec.jpg,2
1771,60e6a464-1e8789a0.jpg,0
1772,3b8026eb-9869d18d.jpg,4
1773,64d7b205-de6c351b.jpg,6
1774,b9efb2a4-bad8be38.jpg,4
1775,6fe47503-ad8ceb9f.jpg,3
1776,470b5990-0bbffaca.jpg,1
1777,2aa7c61a-a94413a8.jpg,5
1778,04c2e54b-379724d4.jpg,3
1779,3d74dd6a-12517fd5.jpg,0
1780,29655c8d-c528b8d8.jpg,4
1781,3b909634-59c2df76.jpg,0
1782,4e0e8b40-845f0000.jpg,0
1783,906d4afd-256d4713.jpg,8
1784,7494f9b1-d83d0001.jpg,2
1785,5c1839fb-a654b8df.jpg,7
1786,00e9be89-00001510.jpg,4
1787,497ff2a0-9da75d98.jpg,4
1788,a6007607-e7fdc2c4.jpg,3
1789,646b1969-a93c39cf.jpg,4
1790,001c2a14-c7138401.jpg,0
1791,3b4716ec-20b3ba19.jpg,2
1792,7c9cf422-f19cd065.jpg,3
1793,0ffa214f-6eda13d5.jpg,5
1794,8009d151-3060897c.jpg,4
1795,8eda31fc-dd1caf7e.jpg,7
1796,27248c22-a748e30f.jpg,2
1797,9b23a0a2-0833760b.jpg,4
1798,0aa4bc86-1e9b17cc.jpg,5
1799,6fdd66ab-aebd0000.jpg,3
1800,23d9fc18-5e498a23.jpg,9
1801,66cab348-591418a8.jpg,1
1802,0e07d567-339cb843.jpg,2
1803,b0409282-a0efc7da.jpg,5
1804,2f09a530-d84003e1.jpg,5
1805,59a330d8-0be9ae22.jpg,4
1806,004071a4-049be89b.jpg,2
1807,3e9765b1-f65b56ba.jpg,1
1808,42a4bfe3-04451b35.jpg,2
1809,067cecc1-d40ce82c.jpg,3
1810,00e9be89-00000140.jpg,0
1811,443c160b-ed9ab45c.jpg,5
1812,3f6e6421-2a6a9bbd.jpg,1
1813,0c90a09f-9a869a38.jpg,4
1814,7f8dc184-1d22a39b.jpg,4
1815,7eb06ba6-74b8ab7b.jpg,5
1816,25b7445c-5f7d0001.jpg,1
1817,3924f539-a72e7cc6.jpg,1
1818,c5ae33f9-a2c4f208.jpg,2
1819,30b82914-0e870b32.jpg,6
1820,80c62ee8-b7c50f01.jpg,3
1821,50cb47ce-ffd4a248.jpg,1
1822,18c89af2-9f69c77a.jpg,7
1823,00aad4a0-ee8135fe.jpg,3
1824,3a5fea09-3a727404.jpg,4
1825,36263df4-d49f42cd.jpg,4
1826,33f52e5f-b73b5634.jpg,2
1827,3100e8a0-baaeb277.jpg,1
1828,1067d00e-00000000.jpg,6
1829,0b9c4f05-d59be38c.jpg,4
1830,2b5f0ec4-4167d7b4.jpg,1
1831,0631bd6c-14480fea.jpg,8
1832,6deb5b3d-00000000.jpg,4
1833,7a4a1b6f-7ac694ce.jpg,4
1834,948fbe10-ac1d8d84.jpg,1
1835,2793cd68-5d288e3c.jpg,0
1836,5f689685-93bb55d4.jpg,4
1837,01c3c73e-42795861.jpg,4
1838,25c289ee-ed6e3f58.jpg,3
1839,878b001c-25af9955.jpg,8
1840,2817ac1d-73704a42.jpg,1
1841,00e9be89-00001060.jpg,5
1842,4b991398-989178ad.jpg,4
1843,3a25bbac-014b3d26.jpg,3
1844,0e5b6c2c-d34a3ec8.jpg,10
1845,3267cb09-00000000.jpg,3
1846,458697e3-1a398a17.jpg,5
1847,61c17089-5cbe8f82.jpg,0
1848,2cb42e67-4e1f56ed.jpg,5
1849,29ede712-6d290bbf.jpg,2
1850,15640aee-00000000.jpg,3
1851,4af96f34-bd22784f.jpg,7
1852,78a851f4-f0ae3dad.jpg,5
1853,09b41d3b-04e40001.jpg,1
1854,4abe13b2-5bee9af8.jpg,4
1855,04200e90-4a4c631e.jpg,2
1856,3fa0cda9-7797a442.jpg,2
1857,4231afc1-00000000.jpg,3
1858,b10d7939-5a6b2c8e.jpg,3
1859,1061881b-c116b180.jpg,4
1860,4fa7b985-cbceea96.jpg,3
1861,ad9f7908-b3784f0f.jpg,4
1862,c776d10b-06d930cf.jpg,3
1863,397dbc92-c41a9f80.jpg,0
1864,a7f9d60b-7ae3f042.jpg,8
1865,0024b742-acbefa1a.jpg,3
1866,14f92e3c-a3b5708e.jpg,7
1867,06e5e084-8b8f8f3b.jpg,1
1868,08cc3547-a9930000.jpg,0
1869,2ff69cf9-71667966.jpg,5
1870,38dce4c8-91ed80a9.jpg,6
1871,3d3f2fa6-666e1cf1.jpg,0
1872,b08cff3e-21c6ff47.jpg,5
1873,1d6c2575-1410b389.jpg,5
1874,117f55ba-bf7763aa.jpg,6
1875,11080a49-12fa0da5.jpg,1
1876,4ac80c15-d1dcc514.jpg,10
1877,a9c4e28f-10e9c170.jpg,1
1878,2e54b87c-9e02b648.jpg,0
1879,50952671-00000000.jpg,3
1880,0e8c47b3-00000000.jpg,1
1881,66fab43d-767bd2c0.jpg,5
1882,4875e9c3-d2890001.jpg,6
1883,4aeb1b75-c6eb3fd3.jpg,5
1884,4b8c75d6-3776850e.jpg,3
1885,03343856-ebf78b5f.jpg,3
1886,781bd859-c9d55e76.jpg,5
1887,00e9be89-00001100.jpg,3
1888,09b41d3b-96b60000.jpg,2
1889,7efc19f4-18c1ca3f.jpg,1
1890,5967c819-a6d39871.jpg,2
1891,588a43a9-44d9aa77.jpg,8
1892,033ae54d-46760e92.jpg,5
1893,4655bcd1-42baf9cb.jpg,6
1894,5ea4a6cb-c25e1022.jpg,2
1895,21199094-e2b7d830.jpg,4
1896,7b3ab556-8efdddff.jpg,3
1897,8da172cf-577329d4.jpg,7
1898,6b9407bc-a66ea46d.jpg,2
1899,972ab49a-6a6eeaf5.jpg,0
1900,ca679a1e-cee7f0bc.jpg,2
1901,0977bc8b-ee7159d4.jpg,0
1902,764b5577-907a4edb.jpg,0
1903,17ef3e1b-87850001.jpg,4
1904,692c3ce6-d7484ddb.jpg,5
1905,a5c343a3-f1b89fcb.jpg,7
1906,6e63c6db-27bd219a.jpg,2
1907,7ce0f7a8-8cb3ed4f.jpg,4
1908,66c08a65-b176bdb4.jpg,4
1909,0651d531-e5c90001.jpg,0
1910,5a7998d5-6437b0b5.jpg,1
1911,43e04451-9ab4a7a4.jpg,3
1912,a4adaa33-3c2c518a.jpg,2
1913,51f083aa-c779948d.jpg,3
1914,6c31a057-e46a9ab5.jpg,2
1915,5bd8cee3-67f9d477.jpg,7
1916,874a4795-8ed5b163.jpg,1
1917,3b1b3234-8186d8ef.jpg,0
1918,59e17848-fabeccf1.jpg,4
1919,a62b515a-b08cfa10.jpg,2
1920,9e57b475-1e47556b.jpg,5
1921,2bdb1fc4-b3e103ab.jpg,0
1922,a0ea324c-3e4251c3.jpg,5
1923,2fa619b6-41d1fd2c.jpg,0
1924,0a22ad3f-bb1de522.jpg,1
1925,1fe77295-79390406.jpg,3
1926,437b5f8d-fe104286.jpg,1
1927,3781bfbd-5c1e93d2.jpg,1
1928,25606b41-ef1b0000.jpg,1
1929,1d5df664-626ff05f.jpg,2
1930,90c5e21c-20205b7d.jpg,5
1931,227c4a9a-4be0ece3.jpg,4
1932,94ea1da6-7d60a76d.jpg,4
1933,08605381-9748509f.jpg,2
1934,6cc6d77b-6f1838d4.jpg,1
1935,412888ec-9f272f4c.jpg,5
1936,004fd763-ad4c2b9c.jpg,7
1937,075a4b25-bbe29ca1.jpg,3
1938,93f4a763-0e26c204.jpg,2
1939,6c4210e4-de7bba52.jpg,2
1940,a1acfdb8-68db64af.jpg,2
1941,580b24f0-8bc3b6f6.jpg,3
1942,3f8d9019-b9603f9e.jpg,7
1943,a764e3e1-cdf95db8.jpg,2
1944,500630aa-73958a0d.jpg,0
1945,0725b3e1-e2d1e6af.jpg,5
1946,241f0351-157cdf3d.jpg,1
1947,900ede79-4c1b8ba7.jpg,2
1948,77e31dd7-56931cc9.jpg,4
1949,82d2dd28-02174f4c.jpg,1
1950,7a07fe5a-1528c659.jpg,1
1951,18ee4d7a-00000000.jpg,8
1952,11dc1774-6942564c.jpg,5
1953,0ebcc3f8-820d55a0.jpg,4
1954,2b89834a-499094d9.jpg,1
1955,8559346c-8e221726.jpg,8
1956,5d6e10c9-00831e01.jpg,2
1957,1d5cf5b0-aebb3ba4.jpg,1
1958,c877c1e3-775ff079.jpg,5
1959,ac6e3fd3-b9d52612.jpg,2
1960,86d30eb2-6b2f6260.jpg,2
1961,505d16a2-00000000.jpg,5
1962,2f2124dc-b71a7f57.jpg,5
1963,5dbc01d7-7495e270.jpg,5
1964,02ddd956-1bee234c.jpg,3
1965,035563ed-61c19e16.jpg,9
1966,33806c3e-d427a39e.jpg,1
1967,4cb37643-c72b9003.jpg,3
1968,632783ed-65f05b87.jpg,2
1969,1fd981ce-7b6d63d6.jpg,0
1970,00e9be89-00001470.jpg,2
1971,3ab422c4-72280000.jpg,1
1972,7c7ddf9c-5757a889.jpg,6
1973,072a5b71-13456ded.jpg,7
1974,a9f5028f-bd8f2fb4.jpg,3
1975,734ecaa0-995f416b.jpg,2
1976,59fb45c1-6aa596f0.jpg,3
1977,198bdd15-3a077d40.jpg,3
1978,2dc4e4d2-1e5ba0e0.jpg,2
1979,6abbdc86-f7e146b1.jpg,4
1980,ad930b5f-0320ea78.jpg,2
1981,36b05006-c518f142.jpg,2
1982,8cbbe764-20f57346.jpg,5
1983,5bef0508-a893a812.jpg,1
1984,1537b75f-db29e390.jpg,5
1985,3aafde60-5ef67d7c.jpg,1
1986,0d851a77-00000000.jpg,6
1987,02c26e9d-aeb6d723.jpg,2
1988,6e5c2b02-382fd273.jpg,6
1989,6b099ca0-ba1f1791.jpg,0
1990,5c79733d-20de02a2.jpg,2
1991,04f67eea-00000000.jpg,2
1992,60994578-2ec14c73.jpg,3
1993,43d4a202-ca890610.jpg,0
1994,4f8a10d3-4ab30001.jpg,5
1995,b2a8e8b4-50058f09.jpg,4
1996,374088b9-49066168.jpg,1
1997,1f5efe2c-8f48ebc2.jpg,4
1998,152a8c1e-3703737c.jpg,2
1999,306caaa5-27230001.jpg,5
